Time,0,1,2
0,0.092492049,0.634158432,0.472140819
2.4,0.09792119,0.347540235,0.398873569
4.8,0.077146452,0.490684693,0.3589298
7.2,0.10462934,0.43864901,0.569228958
9.6,0.062817545,0.352288159,0.011611811
12,0.079156185,0.550294247,0.281747627
14.4,0.103289468,0.354394112,0.458151717
16.8,0.07386759,0.474161804,0.313030804
19.2,0.086794321,0.366951104,0.383578175
21.6,0.095376547,0.656119491,0.489970558
